nameWithOwner;url;createdAt
freeCodeCamp/freeCodeCamp;https://github.com/freeCodeCamp/freeCodeCamp;2014-12-24T17:49:19Z
996icu/996.ICU;https://github.com/996icu/996.ICU;2019-03-26T07:31:14Z
vuejs/vue;https://github.com/vuejs/vue;2013-07-29T03:24:51Z
facebook/react;https://github.com/facebook/react;2013-05-24T16:15:54Z
tensorflow/tensorflow;https://github.com/tensorflow/tensorflow;2015-11-07T01:19:20Z
twbs/bootstrap;https://github.com/twbs/bootstrap;2011-07-29T21:19:00Z
EbookFoundation/free-programming-books;https://github.com/EbookFoundation/free-programming-books;2013-10-11T06:50:37Z
sindresorhus/awesome;https://github.com/sindresorhus/awesome;2014-07-11T13:42:37Z
getify/You-Dont-Know-JS;https://github.com/getify/You-Dont-Know-JS;2013-11-16T02:37:24Z
ohmyzsh/ohmyzsh;https://github.com/ohmyzsh/ohmyzsh;2009-08-28T18:15:37Z
jwasham/coding-interview-university;https://github.com/jwasham/coding-interview-university;2016-06-06T02:34:12Z
kamranahmedse/developer-roadmap;https://github.com/kamranahmedse/developer-roadmap;2017-03-15T13:45:52Z
github/gitignore;https://github.com/github/gitignore;2010-11-08T20:17:14Z
airbnb/javascript;https://github.com/airbnb/javascript;2012-11-01T23:13:50Z
CyC2018/CS-Notes;https://github.com/CyC2018/CS-Notes;2018-02-13T14:56:24Z
microsoft/vscode;https://github.com/microsoft/vscode;2015-09-03T20:23:38Z
d3/d3;https://github.com/d3/d3;2010-09-27T17:22:42Z
flutter/flutter;https://github.com/flutter/flutter;2015-03-06T22:54:58Z
torvalds/linux;https://github.com/torvalds/linux;2011-09-04T22:48:12Z
facebook/react-native;https://github.com/facebook/react-native;2015-01-09T18:10:16Z
donnemartin/system-design-primer;https://github.com/donnemartin/system-design-primer;2017-02-26T16:15:28Z
electron/electron;https://github.com/electron/electron;2013-04-12T01:47:36Z
vinta/awesome-python;https://github.com/vinta/awesome-python;2014-06-27T21:00:06Z
jackfrued/Python-100-Days;https://github.com/jackfrued/Python-100-Days;2018-03-01T16:05:52Z
facebook/create-react-app;https://github.com/facebook/create-react-app;2016-07-17T14:55:11Z
public-apis/public-apis;https://github.com/public-apis/public-apis;2016-03-20T23:49:42Z
Snailclimb/JavaGuide;https://github.com/Snailclimb/JavaGuide;2018-05-07T13:27:00Z
axios/axios;https://github.com/axios/axios;2014-08-18T22:30:27Z
golang/go;https://github.com/golang/go;2014-08-19T04:33:40Z
jlevy/the-art-of-command-line;https://github.com/jlevy/the-art-of-command-line;2015-05-20T15:11:03Z
nodejs/node;https://github.com/nodejs/node;2014-11-26T19:57:11Z
TheAlgorithms/Python;https://github.com/TheAlgorithms/Python;2016-07-16T09:44:01Z
daneden/animate.css;https://github.com/daneden/animate.css;2011-10-12T10:07:38Z
justjavac/free-programming-books-zh_CN;https://github.com/justjavac/free-programming-books-zh_CN;2013-11-04T01:59:19Z
kubernetes/kubernetes;https://github.com/kubernetes/kubernetes;2014-06-06T22:56:04Z
trekhleb/javascript-algorithms;https://github.com/trekhleb/javascript-algorithms;2018-03-24T07:47:04Z
ytdl-org/youtube-dl;https://github.com/ytdl-org/youtube-dl;2010-10-31T14:35:07Z
FortAwesome/Font-Awesome;https://github.com/FortAwesome/Font-Awesome;2012-02-17T14:19:43Z
tensorflow/models;https://github.com/tensorflow/models;2016-02-05T01:15:20Z
danistefanovic/build-your-own-x;https://github.com/danistefanovic/build-your-own-x;2018-05-09T12:03:18Z
angular/angular.js;https://github.com/angular/angular.js;2010-01-06T00:34:37Z
puppeteer/puppeteer;https://github.com/puppeteer/puppeteer;2017-05-09T22:16:13Z
mrdoob/three.js;https://github.com/mrdoob/three.js;2010-03-23T18:58:01Z
angular/angular;https://github.com/angular/angular;2014-09-18T16:12:01Z
microsoft/TypeScript;https://github.com/microsoft/TypeScript;2014-06-17T15:28:39Z
microsoft/terminal;https://github.com/microsoft/terminal;2017-08-11T18:38:22Z
laravel/laravel;https://github.com/laravel/laravel;2011-06-08T03:06:08Z
ant-design/ant-design;https://github.com/ant-design/ant-design;2015-04-24T15:37:24Z
moby/moby;https://github.com/moby/moby;2013-01-18T18:10:57Z
ossu/computer-science;https://github.com/ossu/computer-science;2014-05-04T00:18:39Z
iluwatar/java-design-patterns;https://github.com/iluwatar/java-design-patterns;2014-08-09T16:45:18Z
mui-org/material-ui;https://github.com/mui-org/material-ui;2014-08-18T19:11:54Z
30-seconds/30-seconds-of-code;https://github.com/30-seconds/30-seconds-of-code;2017-11-29T17:35:03Z
webpack/webpack;https://github.com/webpack/webpack;2012-03-10T10:08:14Z
jquery/jquery;https://github.com/jquery/jquery;2009-04-03T15:20:14Z
vuejs/awesome-vue;https://github.com/vuejs/awesome-vue;2015-10-20T00:16:14Z
avelino/awesome-go;https://github.com/avelino/awesome-go;2014-07-06T13:42:15Z
nvbn/thefuck;https://github.com/nvbn/thefuck;2015-04-08T15:08:04Z
reduxjs/redux;https://github.com/reduxjs/redux;2015-05-29T23:53:15Z
atom/atom;https://github.com/atom/atom;2012-01-20T18:18:21Z
apple/swift;https://github.com/apple/swift;2015-10-23T21:15:07Z
hakimel/reveal.js;https://github.com/hakimel/reveal.js;2011-06-07T18:54:22Z
MisterBooo/LeetCodeAnimation;https://github.com/MisterBooo/LeetCodeAnimation;2018-12-06T08:01:22Z
PanJiaChen/vue-element-admin;https://github.com/PanJiaChen/vue-element-admin;2017-04-17T03:35:49Z
pallets/flask;https://github.com/pallets/flask;2010-04-06T11:11:59Z
socketio/socket.io;https://github.com/socketio/socket.io;2010-03-11T18:24:48Z
shadowsocks/shadowsocks-windows;https://github.com/shadowsocks/shadowsocks-windows;2013-01-14T07:54:16Z
django/django;https://github.com/django/django;2012-04-28T02:47:18Z
expressjs/express;https://github.com/expressjs/express;2009-06-26T18:56:01Z
chartjs/Chart.js;https://github.com/chartjs/Chart.js;2013-03-17T23:56:36Z
Semantic-Org/Semantic-UI;https://github.com/Semantic-Org/Semantic-UI;2013-04-08T23:32:04Z
elastic/elasticsearch;https://github.com/elastic/elasticsearch;2010-02-08T13:20:56Z
keras-team/keras;https://github.com/keras-team/keras;2015-03-28T00:35:42Z
chrislgarry/Apollo-11;https://github.com/chrislgarry/Apollo-11;2014-04-03T15:45:02Z
storybookjs/storybook;https://github.com/storybookjs/storybook;2016-03-18T04:23:44Z
jakubroztocil/httpie;https://github.com/jakubroztocil/httpie;2012-02-25T12:39:13Z
typicode/json-server;https://github.com/typicode/json-server;2013-11-27T13:21:13Z
spring-projects/spring-boot;https://github.com/spring-projects/spring-boot;2012-10-19T15:02:57Z
zeit/next.js;https://github.com/zeit/next.js;2016-10-05T23:32:51Z
denoland/deno;https://github.com/denoland/deno;2018-05-15T01:34:26Z
netdata/netdata;https://github.com/netdata/netdata;2013-06-17T18:39:10Z
rails/rails;https://github.com/rails/rails;2008-04-11T02:19:47Z
tonsky/FiraCode;https://github.com/tonsky/FiraCode;2014-11-11T19:32:38Z
h5bp/html5-boilerplate;https://github.com/h5bp/html5-boilerplate;2010-01-24T18:03:24Z
adam-p/markdown-here;https://github.com/adam-p/markdown-here;2012-05-13T03:27:22Z
ElemeFE/element;https://github.com/ElemeFE/element;2016-09-03T06:19:26Z
xingshaocheng/architect-awesome;https://github.com/xingshaocheng/architect-awesome;2018-04-06T13:30:58Z
resume/resume.github.com;https://github.com/resume/resume.github.com;2011-02-06T13:39:55Z
h5bp/Front-end-Developer-Interview-Questions;https://github.com/h5bp/Front-end-Developer-Interview-Questions;2012-02-09T23:34:10Z
lodash/lodash;https://github.com/lodash/lodash;2012-04-07T04:11:46Z
josephmisiti/awesome-machine-learning;https://github.com/josephmisiti/awesome-machine-learning;2014-07-15T19:11:19Z
moment/moment;https://github.com/moment/moment;2011-03-01T02:46:06Z
rust-lang/rust;https://github.com/rust-lang/rust;2010-06-16T20:39:03Z
gatsbyjs/gatsby;https://github.com/gatsbyjs/gatsby;2015-05-21T22:43:05Z
opencv/opencv;https://github.com/opencv/opencv;2012-07-19T09:40:17Z
bitcoin/bitcoin;https://github.com/bitcoin/bitcoin;2010-12-19T15:16:43Z
kdn251/interviews;https://github.com/kdn251/interviews;2017-02-14T18:19:25Z
ansible/ansible;https://github.com/ansible/ansible;2012-03-06T14:58:02Z
gohugoio/hugo;https://github.com/gohugoio/hugo;2013-07-04T15:26:26Z
ReactiveX/RxJava;https://github.com/ReactiveX/RxJava;2013-01-08T20:11:48Z
freeCodeCamp/freeCodeCamp;https://github.com/freeCodeCamp/freeCodeCamp;2014-12-24T17:49:19Z
996icu/996.ICU;https://github.com/996icu/996.ICU;2019-03-26T07:31:14Z
vuejs/vue;https://github.com/vuejs/vue;2013-07-29T03:24:51Z
facebook/react;https://github.com/facebook/react;2013-05-24T16:15:54Z
tensorflow/tensorflow;https://github.com/tensorflow/tensorflow;2015-11-07T01:19:20Z
twbs/bootstrap;https://github.com/twbs/bootstrap;2011-07-29T21:19:00Z
EbookFoundation/free-programming-books;https://github.com/EbookFoundation/free-programming-books;2013-10-11T06:50:37Z
sindresorhus/awesome;https://github.com/sindresorhus/awesome;2014-07-11T13:42:37Z
getify/You-Dont-Know-JS;https://github.com/getify/You-Dont-Know-JS;2013-11-16T02:37:24Z
ohmyzsh/ohmyzsh;https://github.com/ohmyzsh/ohmyzsh;2009-08-28T18:15:37Z
jwasham/coding-interview-university;https://github.com/jwasham/coding-interview-university;2016-06-06T02:34:12Z
kamranahmedse/developer-roadmap;https://github.com/kamranahmedse/developer-roadmap;2017-03-15T13:45:52Z
github/gitignore;https://github.com/github/gitignore;2010-11-08T20:17:14Z
airbnb/javascript;https://github.com/airbnb/javascript;2012-11-01T23:13:50Z
CyC2018/CS-Notes;https://github.com/CyC2018/CS-Notes;2018-02-13T14:56:24Z
microsoft/vscode;https://github.com/microsoft/vscode;2015-09-03T20:23:38Z
d3/d3;https://github.com/d3/d3;2010-09-27T17:22:42Z
flutter/flutter;https://github.com/flutter/flutter;2015-03-06T22:54:58Z
torvalds/linux;https://github.com/torvalds/linux;2011-09-04T22:48:12Z
facebook/react-native;https://github.com/facebook/react-native;2015-01-09T18:10:16Z
donnemartin/system-design-primer;https://github.com/donnemartin/system-design-primer;2017-02-26T16:15:28Z
electron/electron;https://github.com/electron/electron;2013-04-12T01:47:36Z
vinta/awesome-python;https://github.com/vinta/awesome-python;2014-06-27T21:00:06Z
jackfrued/Python-100-Days;https://github.com/jackfrued/Python-100-Days;2018-03-01T16:05:52Z
facebook/create-react-app;https://github.com/facebook/create-react-app;2016-07-17T14:55:11Z
public-apis/public-apis;https://github.com/public-apis/public-apis;2016-03-20T23:49:42Z
Snailclimb/JavaGuide;https://github.com/Snailclimb/JavaGuide;2018-05-07T13:27:00Z
axios/axios;https://github.com/axios/axios;2014-08-18T22:30:27Z
golang/go;https://github.com/golang/go;2014-08-19T04:33:40Z
jlevy/the-art-of-command-line;https://github.com/jlevy/the-art-of-command-line;2015-05-20T15:11:03Z
nodejs/node;https://github.com/nodejs/node;2014-11-26T19:57:11Z
TheAlgorithms/Python;https://github.com/TheAlgorithms/Python;2016-07-16T09:44:01Z
daneden/animate.css;https://github.com/daneden/animate.css;2011-10-12T10:07:38Z
justjavac/free-programming-books-zh_CN;https://github.com/justjavac/free-programming-books-zh_CN;2013-11-04T01:59:19Z
kubernetes/kubernetes;https://github.com/kubernetes/kubernetes;2014-06-06T22:56:04Z
trekhleb/javascript-algorithms;https://github.com/trekhleb/javascript-algorithms;2018-03-24T07:47:04Z
ytdl-org/youtube-dl;https://github.com/ytdl-org/youtube-dl;2010-10-31T14:35:07Z
FortAwesome/Font-Awesome;https://github.com/FortAwesome/Font-Awesome;2012-02-17T14:19:43Z
tensorflow/models;https://github.com/tensorflow/models;2016-02-05T01:15:20Z
danistefanovic/build-your-own-x;https://github.com/danistefanovic/build-your-own-x;2018-05-09T12:03:18Z
angular/angular.js;https://github.com/angular/angular.js;2010-01-06T00:34:37Z
puppeteer/puppeteer;https://github.com/puppeteer/puppeteer;2017-05-09T22:16:13Z
mrdoob/three.js;https://github.com/mrdoob/three.js;2010-03-23T18:58:01Z
angular/angular;https://github.com/angular/angular;2014-09-18T16:12:01Z
microsoft/TypeScript;https://github.com/microsoft/TypeScript;2014-06-17T15:28:39Z
microsoft/terminal;https://github.com/microsoft/terminal;2017-08-11T18:38:22Z
laravel/laravel;https://github.com/laravel/laravel;2011-06-08T03:06:08Z
ant-design/ant-design;https://github.com/ant-design/ant-design;2015-04-24T15:37:24Z
moby/moby;https://github.com/moby/moby;2013-01-18T18:10:57Z
ossu/computer-science;https://github.com/ossu/computer-science;2014-05-04T00:18:39Z
iluwatar/java-design-patterns;https://github.com/iluwatar/java-design-patterns;2014-08-09T16:45:18Z
mui-org/material-ui;https://github.com/mui-org/material-ui;2014-08-18T19:11:54Z
30-seconds/30-seconds-of-code;https://github.com/30-seconds/30-seconds-of-code;2017-11-29T17:35:03Z
webpack/webpack;https://github.com/webpack/webpack;2012-03-10T10:08:14Z
jquery/jquery;https://github.com/jquery/jquery;2009-04-03T15:20:14Z
vuejs/awesome-vue;https://github.com/vuejs/awesome-vue;2015-10-20T00:16:14Z
avelino/awesome-go;https://github.com/avelino/awesome-go;2014-07-06T13:42:15Z
nvbn/thefuck;https://github.com/nvbn/thefuck;2015-04-08T15:08:04Z
reduxjs/redux;https://github.com/reduxjs/redux;2015-05-29T23:53:15Z
atom/atom;https://github.com/atom/atom;2012-01-20T18:18:21Z
apple/swift;https://github.com/apple/swift;2015-10-23T21:15:07Z
hakimel/reveal.js;https://github.com/hakimel/reveal.js;2011-06-07T18:54:22Z
MisterBooo/LeetCodeAnimation;https://github.com/MisterBooo/LeetCodeAnimation;2018-12-06T08:01:22Z
PanJiaChen/vue-element-admin;https://github.com/PanJiaChen/vue-element-admin;2017-04-17T03:35:49Z
pallets/flask;https://github.com/pallets/flask;2010-04-06T11:11:59Z
socketio/socket.io;https://github.com/socketio/socket.io;2010-03-11T18:24:48Z
shadowsocks/shadowsocks-windows;https://github.com/shadowsocks/shadowsocks-windows;2013-01-14T07:54:16Z
django/django;https://github.com/django/django;2012-04-28T02:47:18Z
expressjs/express;https://github.com/expressjs/express;2009-06-26T18:56:01Z
chartjs/Chart.js;https://github.com/chartjs/Chart.js;2013-03-17T23:56:36Z
Semantic-Org/Semantic-UI;https://github.com/Semantic-Org/Semantic-UI;2013-04-08T23:32:04Z
elastic/elasticsearch;https://github.com/elastic/elasticsearch;2010-02-08T13:20:56Z
keras-team/keras;https://github.com/keras-team/keras;2015-03-28T00:35:42Z
chrislgarry/Apollo-11;https://github.com/chrislgarry/Apollo-11;2014-04-03T15:45:02Z
storybookjs/storybook;https://github.com/storybookjs/storybook;2016-03-18T04:23:44Z
jakubroztocil/httpie;https://github.com/jakubroztocil/httpie;2012-02-25T12:39:13Z
typicode/json-server;https://github.com/typicode/json-server;2013-11-27T13:21:13Z
spring-projects/spring-boot;https://github.com/spring-projects/spring-boot;2012-10-19T15:02:57Z
zeit/next.js;https://github.com/zeit/next.js;2016-10-05T23:32:51Z
denoland/deno;https://github.com/denoland/deno;2018-05-15T01:34:26Z
netdata/netdata;https://github.com/netdata/netdata;2013-06-17T18:39:10Z
rails/rails;https://github.com/rails/rails;2008-04-11T02:19:47Z
tonsky/FiraCode;https://github.com/tonsky/FiraCode;2014-11-11T19:32:38Z
h5bp/html5-boilerplate;https://github.com/h5bp/html5-boilerplate;2010-01-24T18:03:24Z
adam-p/markdown-here;https://github.com/adam-p/markdown-here;2012-05-13T03:27:22Z
ElemeFE/element;https://github.com/ElemeFE/element;2016-09-03T06:19:26Z
xingshaocheng/architect-awesome;https://github.com/xingshaocheng/architect-awesome;2018-04-06T13:30:58Z
resume/resume.github.com;https://github.com/resume/resume.github.com;2011-02-06T13:39:55Z
h5bp/Front-end-Developer-Interview-Questions;https://github.com/h5bp/Front-end-Developer-Interview-Questions;2012-02-09T23:34:10Z
lodash/lodash;https://github.com/lodash/lodash;2012-04-07T04:11:46Z
josephmisiti/awesome-machine-learning;https://github.com/josephmisiti/awesome-machine-learning;2014-07-15T19:11:19Z
moment/moment;https://github.com/moment/moment;2011-03-01T02:46:06Z
rust-lang/rust;https://github.com/rust-lang/rust;2010-06-16T20:39:03Z
gatsbyjs/gatsby;https://github.com/gatsbyjs/gatsby;2015-05-21T22:43:05Z
opencv/opencv;https://github.com/opencv/opencv;2012-07-19T09:40:17Z
bitcoin/bitcoin;https://github.com/bitcoin/bitcoin;2010-12-19T15:16:43Z
kdn251/interviews;https://github.com/kdn251/interviews;2017-02-14T18:19:25Z
ansible/ansible;https://github.com/ansible/ansible;2012-03-06T14:58:02Z
gohugoio/hugo;https://github.com/gohugoio/hugo;2013-07-04T15:26:26Z
ReactiveX/RxJava;https://github.com/ReactiveX/RxJava;2013-01-08T20:11:48Z
freeCodeCamp/freeCodeCamp;https://github.com/freeCodeCamp/freeCodeCamp;2014-12-24T17:49:19Z
996icu/996.ICU;https://github.com/996icu/996.ICU;2019-03-26T07:31:14Z
vuejs/vue;https://github.com/vuejs/vue;2013-07-29T03:24:51Z
facebook/react;https://github.com/facebook/react;2013-05-24T16:15:54Z
tensorflow/tensorflow;https://github.com/tensorflow/tensorflow;2015-11-07T01:19:20Z
twbs/bootstrap;https://github.com/twbs/bootstrap;2011-07-29T21:19:00Z
EbookFoundation/free-programming-books;https://github.com/EbookFoundation/free-programming-books;2013-10-11T06:50:37Z
sindresorhus/awesome;https://github.com/sindresorhus/awesome;2014-07-11T13:42:37Z
getify/You-Dont-Know-JS;https://github.com/getify/You-Dont-Know-JS;2013-11-16T02:37:24Z
ohmyzsh/ohmyzsh;https://github.com/ohmyzsh/ohmyzsh;2009-08-28T18:15:37Z
jwasham/coding-interview-university;https://github.com/jwasham/coding-interview-university;2016-06-06T02:34:12Z
kamranahmedse/developer-roadmap;https://github.com/kamranahmedse/developer-roadmap;2017-03-15T13:45:52Z
github/gitignore;https://github.com/github/gitignore;2010-11-08T20:17:14Z
airbnb/javascript;https://github.com/airbnb/javascript;2012-11-01T23:13:50Z
CyC2018/CS-Notes;https://github.com/CyC2018/CS-Notes;2018-02-13T14:56:24Z
microsoft/vscode;https://github.com/microsoft/vscode;2015-09-03T20:23:38Z
d3/d3;https://github.com/d3/d3;2010-09-27T17:22:42Z
flutter/flutter;https://github.com/flutter/flutter;2015-03-06T22:54:58Z
torvalds/linux;https://github.com/torvalds/linux;2011-09-04T22:48:12Z
facebook/react-native;https://github.com/facebook/react-native;2015-01-09T18:10:16Z
donnemartin/system-design-primer;https://github.com/donnemartin/system-design-primer;2017-02-26T16:15:28Z
electron/electron;https://github.com/electron/electron;2013-04-12T01:47:36Z
vinta/awesome-python;https://github.com/vinta/awesome-python;2014-06-27T21:00:06Z
jackfrued/Python-100-Days;https://github.com/jackfrued/Python-100-Days;2018-03-01T16:05:52Z
facebook/create-react-app;https://github.com/facebook/create-react-app;2016-07-17T14:55:11Z
public-apis/public-apis;https://github.com/public-apis/public-apis;2016-03-20T23:49:42Z
Snailclimb/JavaGuide;https://github.com/Snailclimb/JavaGuide;2018-05-07T13:27:00Z
axios/axios;https://github.com/axios/axios;2014-08-18T22:30:27Z
golang/go;https://github.com/golang/go;2014-08-19T04:33:40Z
jlevy/the-art-of-command-line;https://github.com/jlevy/the-art-of-command-line;2015-05-20T15:11:03Z
nodejs/node;https://github.com/nodejs/node;2014-11-26T19:57:11Z
TheAlgorithms/Python;https://github.com/TheAlgorithms/Python;2016-07-16T09:44:01Z
daneden/animate.css;https://github.com/daneden/animate.css;2011-10-12T10:07:38Z
justjavac/free-programming-books-zh_CN;https://github.com/justjavac/free-programming-books-zh_CN;2013-11-04T01:59:19Z
kubernetes/kubernetes;https://github.com/kubernetes/kubernetes;2014-06-06T22:56:04Z
trekhleb/javascript-algorithms;https://github.com/trekhleb/javascript-algorithms;2018-03-24T07:47:04Z
ytdl-org/youtube-dl;https://github.com/ytdl-org/youtube-dl;2010-10-31T14:35:07Z
FortAwesome/Font-Awesome;https://github.com/FortAwesome/Font-Awesome;2012-02-17T14:19:43Z
tensorflow/models;https://github.com/tensorflow/models;2016-02-05T01:15:20Z
danistefanovic/build-your-own-x;https://github.com/danistefanovic/build-your-own-x;2018-05-09T12:03:18Z
angular/angular.js;https://github.com/angular/angular.js;2010-01-06T00:34:37Z
puppeteer/puppeteer;https://github.com/puppeteer/puppeteer;2017-05-09T22:16:13Z
mrdoob/three.js;https://github.com/mrdoob/three.js;2010-03-23T18:58:01Z
angular/angular;https://github.com/angular/angular;2014-09-18T16:12:01Z
microsoft/TypeScript;https://github.com/microsoft/TypeScript;2014-06-17T15:28:39Z
microsoft/terminal;https://github.com/microsoft/terminal;2017-08-11T18:38:22Z
laravel/laravel;https://github.com/laravel/laravel;2011-06-08T03:06:08Z
ant-design/ant-design;https://github.com/ant-design/ant-design;2015-04-24T15:37:24Z
moby/moby;https://github.com/moby/moby;2013-01-18T18:10:57Z
ossu/computer-science;https://github.com/ossu/computer-science;2014-05-04T00:18:39Z
iluwatar/java-design-patterns;https://github.com/iluwatar/java-design-patterns;2014-08-09T16:45:18Z
mui-org/material-ui;https://github.com/mui-org/material-ui;2014-08-18T19:11:54Z
30-seconds/30-seconds-of-code;https://github.com/30-seconds/30-seconds-of-code;2017-11-29T17:35:03Z
webpack/webpack;https://github.com/webpack/webpack;2012-03-10T10:08:14Z
jquery/jquery;https://github.com/jquery/jquery;2009-04-03T15:20:14Z
vuejs/awesome-vue;https://github.com/vuejs/awesome-vue;2015-10-20T00:16:14Z
avelino/awesome-go;https://github.com/avelino/awesome-go;2014-07-06T13:42:15Z
nvbn/thefuck;https://github.com/nvbn/thefuck;2015-04-08T15:08:04Z
reduxjs/redux;https://github.com/reduxjs/redux;2015-05-29T23:53:15Z
atom/atom;https://github.com/atom/atom;2012-01-20T18:18:21Z
apple/swift;https://github.com/apple/swift;2015-10-23T21:15:07Z
hakimel/reveal.js;https://github.com/hakimel/reveal.js;2011-06-07T18:54:22Z
MisterBooo/LeetCodeAnimation;https://github.com/MisterBooo/LeetCodeAnimation;2018-12-06T08:01:22Z
PanJiaChen/vue-element-admin;https://github.com/PanJiaChen/vue-element-admin;2017-04-17T03:35:49Z
pallets/flask;https://github.com/pallets/flask;2010-04-06T11:11:59Z
socketio/socket.io;https://github.com/socketio/socket.io;2010-03-11T18:24:48Z
shadowsocks/shadowsocks-windows;https://github.com/shadowsocks/shadowsocks-windows;2013-01-14T07:54:16Z
django/django;https://github.com/django/django;2012-04-28T02:47:18Z
expressjs/express;https://github.com/expressjs/express;2009-06-26T18:56:01Z
chartjs/Chart.js;https://github.com/chartjs/Chart.js;2013-03-17T23:56:36Z
Semantic-Org/Semantic-UI;https://github.com/Semantic-Org/Semantic-UI;2013-04-08T23:32:04Z
elastic/elasticsearch;https://github.com/elastic/elasticsearch;2010-02-08T13:20:56Z
keras-team/keras;https://github.com/keras-team/keras;2015-03-28T00:35:42Z
chrislgarry/Apollo-11;https://github.com/chrislgarry/Apollo-11;2014-04-03T15:45:02Z
storybookjs/storybook;https://github.com/storybookjs/storybook;2016-03-18T04:23:44Z
jakubroztocil/httpie;https://github.com/jakubroztocil/httpie;2012-02-25T12:39:13Z
typicode/json-server;https://github.com/typicode/json-server;2013-11-27T13:21:13Z
spring-projects/spring-boot;https://github.com/spring-projects/spring-boot;2012-10-19T15:02:57Z
zeit/next.js;https://github.com/zeit/next.js;2016-10-05T23:32:51Z
denoland/deno;https://github.com/denoland/deno;2018-05-15T01:34:26Z
netdata/netdata;https://github.com/netdata/netdata;2013-06-17T18:39:10Z
rails/rails;https://github.com/rails/rails;2008-04-11T02:19:47Z
tonsky/FiraCode;https://github.com/tonsky/FiraCode;2014-11-11T19:32:38Z
h5bp/html5-boilerplate;https://github.com/h5bp/html5-boilerplate;2010-01-24T18:03:24Z
adam-p/markdown-here;https://github.com/adam-p/markdown-here;2012-05-13T03:27:22Z
ElemeFE/element;https://github.com/ElemeFE/element;2016-09-03T06:19:26Z
xingshaocheng/architect-awesome;https://github.com/xingshaocheng/architect-awesome;2018-04-06T13:30:58Z
resume/resume.github.com;https://github.com/resume/resume.github.com;2011-02-06T13:39:55Z
h5bp/Front-end-Developer-Interview-Questions;https://github.com/h5bp/Front-end-Developer-Interview-Questions;2012-02-09T23:34:10Z
lodash/lodash;https://github.com/lodash/lodash;2012-04-07T04:11:46Z
josephmisiti/awesome-machine-learning;https://github.com/josephmisiti/awesome-machine-learning;2014-07-15T19:11:19Z
moment/moment;https://github.com/moment/moment;2011-03-01T02:46:06Z
rust-lang/rust;https://github.com/rust-lang/rust;2010-06-16T20:39:03Z
gatsbyjs/gatsby;https://github.com/gatsbyjs/gatsby;2015-05-21T22:43:05Z
opencv/opencv;https://github.com/opencv/opencv;2012-07-19T09:40:17Z
bitcoin/bitcoin;https://github.com/bitcoin/bitcoin;2010-12-19T15:16:43Z
kdn251/interviews;https://github.com/kdn251/interviews;2017-02-14T18:19:25Z
ansible/ansible;https://github.com/ansible/ansible;2012-03-06T14:58:02Z
gohugoio/hugo;https://github.com/gohugoio/hugo;2013-07-04T15:26:26Z
ReactiveX/RxJava;https://github.com/ReactiveX/RxJava;2013-01-08T20:11:48Z
freeCodeCamp/freeCodeCamp;https://github.com/freeCodeCamp/freeCodeCamp;2014-12-24T17:49:19Z
996icu/996.ICU;https://github.com/996icu/996.ICU;2019-03-26T07:31:14Z
vuejs/vue;https://github.com/vuejs/vue;2013-07-29T03:24:51Z
facebook/react;https://github.com/facebook/react;2013-05-24T16:15:54Z
tensorflow/tensorflow;https://github.com/tensorflow/tensorflow;2015-11-07T01:19:20Z
twbs/bootstrap;https://github.com/twbs/bootstrap;2011-07-29T21:19:00Z
EbookFoundation/free-programming-books;https://github.com/EbookFoundation/free-programming-books;2013-10-11T06:50:37Z
sindresorhus/awesome;https://github.com/sindresorhus/awesome;2014-07-11T13:42:37Z
getify/You-Dont-Know-JS;https://github.com/getify/You-Dont-Know-JS;2013-11-16T02:37:24Z
ohmyzsh/ohmyzsh;https://github.com/ohmyzsh/ohmyzsh;2009-08-28T18:15:37Z
jwasham/coding-interview-university;https://github.com/jwasham/coding-interview-university;2016-06-06T02:34:12Z
kamranahmedse/developer-roadmap;https://github.com/kamranahmedse/developer-roadmap;2017-03-15T13:45:52Z
github/gitignore;https://github.com/github/gitignore;2010-11-08T20:17:14Z
airbnb/javascript;https://github.com/airbnb/javascript;2012-11-01T23:13:50Z
CyC2018/CS-Notes;https://github.com/CyC2018/CS-Notes;2018-02-13T14:56:24Z
microsoft/vscode;https://github.com/microsoft/vscode;2015-09-03T20:23:38Z
d3/d3;https://github.com/d3/d3;2010-09-27T17:22:42Z
flutter/flutter;https://github.com/flutter/flutter;2015-03-06T22:54:58Z
torvalds/linux;https://github.com/torvalds/linux;2011-09-04T22:48:12Z
facebook/react-native;https://github.com/facebook/react-native;2015-01-09T18:10:16Z
donnemartin/system-design-primer;https://github.com/donnemartin/system-design-primer;2017-02-26T16:15:28Z
electron/electron;https://github.com/electron/electron;2013-04-12T01:47:36Z
vinta/awesome-python;https://github.com/vinta/awesome-python;2014-06-27T21:00:06Z
jackfrued/Python-100-Days;https://github.com/jackfrued/Python-100-Days;2018-03-01T16:05:52Z
facebook/create-react-app;https://github.com/facebook/create-react-app;2016-07-17T14:55:11Z
public-apis/public-apis;https://github.com/public-apis/public-apis;2016-03-20T23:49:42Z
Snailclimb/JavaGuide;https://github.com/Snailclimb/JavaGuide;2018-05-07T13:27:00Z
axios/axios;https://github.com/axios/axios;2014-08-18T22:30:27Z
golang/go;https://github.com/golang/go;2014-08-19T04:33:40Z
jlevy/the-art-of-command-line;https://github.com/jlevy/the-art-of-command-line;2015-05-20T15:11:03Z
nodejs/node;https://github.com/nodejs/node;2014-11-26T19:57:11Z
TheAlgorithms/Python;https://github.com/TheAlgorithms/Python;2016-07-16T09:44:01Z
daneden/animate.css;https://github.com/daneden/animate.css;2011-10-12T10:07:38Z
justjavac/free-programming-books-zh_CN;https://github.com/justjavac/free-programming-books-zh_CN;2013-11-04T01:59:19Z
kubernetes/kubernetes;https://github.com/kubernetes/kubernetes;2014-06-06T22:56:04Z
trekhleb/javascript-algorithms;https://github.com/trekhleb/javascript-algorithms;2018-03-24T07:47:04Z
ytdl-org/youtube-dl;https://github.com/ytdl-org/youtube-dl;2010-10-31T14:35:07Z
FortAwesome/Font-Awesome;https://github.com/FortAwesome/Font-Awesome;2012-02-17T14:19:43Z
tensorflow/models;https://github.com/tensorflow/models;2016-02-05T01:15:20Z
danistefanovic/build-your-own-x;https://github.com/danistefanovic/build-your-own-x;2018-05-09T12:03:18Z
angular/angular.js;https://github.com/angular/angular.js;2010-01-06T00:34:37Z
puppeteer/puppeteer;https://github.com/puppeteer/puppeteer;2017-05-09T22:16:13Z
mrdoob/three.js;https://github.com/mrdoob/three.js;2010-03-23T18:58:01Z
angular/angular;https://github.com/angular/angular;2014-09-18T16:12:01Z
microsoft/TypeScript;https://github.com/microsoft/TypeScript;2014-06-17T15:28:39Z
microsoft/terminal;https://github.com/microsoft/terminal;2017-08-11T18:38:22Z
laravel/laravel;https://github.com/laravel/laravel;2011-06-08T03:06:08Z
ant-design/ant-design;https://github.com/ant-design/ant-design;2015-04-24T15:37:24Z
moby/moby;https://github.com/moby/moby;2013-01-18T18:10:57Z
ossu/computer-science;https://github.com/ossu/computer-science;2014-05-04T00:18:39Z
iluwatar/java-design-patterns;https://github.com/iluwatar/java-design-patterns;2014-08-09T16:45:18Z
mui-org/material-ui;https://github.com/mui-org/material-ui;2014-08-18T19:11:54Z
30-seconds/30-seconds-of-code;https://github.com/30-seconds/30-seconds-of-code;2017-11-29T17:35:03Z
webpack/webpack;https://github.com/webpack/webpack;2012-03-10T10:08:14Z
jquery/jquery;https://github.com/jquery/jquery;2009-04-03T15:20:14Z
vuejs/awesome-vue;https://github.com/vuejs/awesome-vue;2015-10-20T00:16:14Z
avelino/awesome-go;https://github.com/avelino/awesome-go;2014-07-06T13:42:15Z
nvbn/thefuck;https://github.com/nvbn/thefuck;2015-04-08T15:08:04Z
reduxjs/redux;https://github.com/reduxjs/redux;2015-05-29T23:53:15Z
atom/atom;https://github.com/atom/atom;2012-01-20T18:18:21Z
apple/swift;https://github.com/apple/swift;2015-10-23T21:15:07Z
hakimel/reveal.js;https://github.com/hakimel/reveal.js;2011-06-07T18:54:22Z
MisterBooo/LeetCodeAnimation;https://github.com/MisterBooo/LeetCodeAnimation;2018-12-06T08:01:22Z
PanJiaChen/vue-element-admin;https://github.com/PanJiaChen/vue-element-admin;2017-04-17T03:35:49Z
pallets/flask;https://github.com/pallets/flask;2010-04-06T11:11:59Z
socketio/socket.io;https://github.com/socketio/socket.io;2010-03-11T18:24:48Z
shadowsocks/shadowsocks-windows;https://github.com/shadowsocks/shadowsocks-windows;2013-01-14T07:54:16Z
django/django;https://github.com/django/django;2012-04-28T02:47:18Z
expressjs/express;https://github.com/expressjs/express;2009-06-26T18:56:01Z
chartjs/Chart.js;https://github.com/chartjs/Chart.js;2013-03-17T23:56:36Z
Semantic-Org/Semantic-UI;https://github.com/Semantic-Org/Semantic-UI;2013-04-08T23:32:04Z
elastic/elasticsearch;https://github.com/elastic/elasticsearch;2010-02-08T13:20:56Z
keras-team/keras;https://github.com/keras-team/keras;2015-03-28T00:35:42Z
chrislgarry/Apollo-11;https://github.com/chrislgarry/Apollo-11;2014-04-03T15:45:02Z
storybookjs/storybook;https://github.com/storybookjs/storybook;2016-03-18T04:23:44Z
jakubroztocil/httpie;https://github.com/jakubroztocil/httpie;2012-02-25T12:39:13Z
typicode/json-server;https://github.com/typicode/json-server;2013-11-27T13:21:13Z
spring-projects/spring-boot;https://github.com/spring-projects/spring-boot;2012-10-19T15:02:57Z
zeit/next.js;https://github.com/zeit/next.js;2016-10-05T23:32:51Z
denoland/deno;https://github.com/denoland/deno;2018-05-15T01:34:26Z
netdata/netdata;https://github.com/netdata/netdata;2013-06-17T18:39:10Z
rails/rails;https://github.com/rails/rails;2008-04-11T02:19:47Z
tonsky/FiraCode;https://github.com/tonsky/FiraCode;2014-11-11T19:32:38Z
h5bp/html5-boilerplate;https://github.com/h5bp/html5-boilerplate;2010-01-24T18:03:24Z
adam-p/markdown-here;https://github.com/adam-p/markdown-here;2012-05-13T03:27:22Z
ElemeFE/element;https://github.com/ElemeFE/element;2016-09-03T06:19:26Z
xingshaocheng/architect-awesome;https://github.com/xingshaocheng/architect-awesome;2018-04-06T13:30:58Z
resume/resume.github.com;https://github.com/resume/resume.github.com;2011-02-06T13:39:55Z
h5bp/Front-end-Developer-Interview-Questions;https://github.com/h5bp/Front-end-Developer-Interview-Questions;2012-02-09T23:34:10Z
lodash/lodash;https://github.com/lodash/lodash;2012-04-07T04:11:46Z
josephmisiti/awesome-machine-learning;https://github.com/josephmisiti/awesome-machine-learning;2014-07-15T19:11:19Z
moment/moment;https://github.com/moment/moment;2011-03-01T02:46:06Z
rust-lang/rust;https://github.com/rust-lang/rust;2010-06-16T20:39:03Z
gatsbyjs/gatsby;https://github.com/gatsbyjs/gatsby;2015-05-21T22:43:05Z
opencv/opencv;https://github.com/opencv/opencv;2012-07-19T09:40:17Z
bitcoin/bitcoin;https://github.com/bitcoin/bitcoin;2010-12-19T15:16:43Z
kdn251/interviews;https://github.com/kdn251/interviews;2017-02-14T18:19:25Z
ansible/ansible;https://github.com/ansible/ansible;2012-03-06T14:58:02Z
gohugoio/hugo;https://github.com/gohugoio/hugo;2013-07-04T15:26:26Z
ReactiveX/RxJava;https://github.com/ReactiveX/RxJava;2013-01-08T20:11:48Z
freeCodeCamp/freeCodeCamp;https://github.com/freeCodeCamp/freeCodeCamp;2014-12-24T17:49:19Z
996icu/996.ICU;https://github.com/996icu/996.ICU;2019-03-26T07:31:14Z
vuejs/vue;https://github.com/vuejs/vue;2013-07-29T03:24:51Z
facebook/react;https://github.com/facebook/react;2013-05-24T16:15:54Z
tensorflow/tensorflow;https://github.com/tensorflow/tensorflow;2015-11-07T01:19:20Z
twbs/bootstrap;https://github.com/twbs/bootstrap;2011-07-29T21:19:00Z
EbookFoundation/free-programming-books;https://github.com/EbookFoundation/free-programming-books;2013-10-11T06:50:37Z
sindresorhus/awesome;https://github.com/sindresorhus/awesome;2014-07-11T13:42:37Z
getify/You-Dont-Know-JS;https://github.com/getify/You-Dont-Know-JS;2013-11-16T02:37:24Z
ohmyzsh/ohmyzsh;https://github.com/ohmyzsh/ohmyzsh;2009-08-28T18:15:37Z
jwasham/coding-interview-university;https://github.com/jwasham/coding-interview-university;2016-06-06T02:34:12Z
kamranahmedse/developer-roadmap;https://github.com/kamranahmedse/developer-roadmap;2017-03-15T13:45:52Z
github/gitignore;https://github.com/github/gitignore;2010-11-08T20:17:14Z
airbnb/javascript;https://github.com/airbnb/javascript;2012-11-01T23:13:50Z
CyC2018/CS-Notes;https://github.com/CyC2018/CS-Notes;2018-02-13T14:56:24Z
microsoft/vscode;https://github.com/microsoft/vscode;2015-09-03T20:23:38Z
d3/d3;https://github.com/d3/d3;2010-09-27T17:22:42Z
flutter/flutter;https://github.com/flutter/flutter;2015-03-06T22:54:58Z
torvalds/linux;https://github.com/torvalds/linux;2011-09-04T22:48:12Z
facebook/react-native;https://github.com/facebook/react-native;2015-01-09T18:10:16Z
donnemartin/system-design-primer;https://github.com/donnemartin/system-design-primer;2017-02-26T16:15:28Z
electron/electron;https://github.com/electron/electron;2013-04-12T01:47:36Z
vinta/awesome-python;https://github.com/vinta/awesome-python;2014-06-27T21:00:06Z
jackfrued/Python-100-Days;https://github.com/jackfrued/Python-100-Days;2018-03-01T16:05:52Z
facebook/create-react-app;https://github.com/facebook/create-react-app;2016-07-17T14:55:11Z
public-apis/public-apis;https://github.com/public-apis/public-apis;2016-03-20T23:49:42Z
Snailclimb/JavaGuide;https://github.com/Snailclimb/JavaGuide;2018-05-07T13:27:00Z
axios/axios;https://github.com/axios/axios;2014-08-18T22:30:27Z
golang/go;https://github.com/golang/go;2014-08-19T04:33:40Z
jlevy/the-art-of-command-line;https://github.com/jlevy/the-art-of-command-line;2015-05-20T15:11:03Z
nodejs/node;https://github.com/nodejs/node;2014-11-26T19:57:11Z
TheAlgorithms/Python;https://github.com/TheAlgorithms/Python;2016-07-16T09:44:01Z
daneden/animate.css;https://github.com/daneden/animate.css;2011-10-12T10:07:38Z
justjavac/free-programming-books-zh_CN;https://github.com/justjavac/free-programming-books-zh_CN;2013-11-04T01:59:19Z
kubernetes/kubernetes;https://github.com/kubernetes/kubernetes;2014-06-06T22:56:04Z
trekhleb/javascript-algorithms;https://github.com/trekhleb/javascript-algorithms;2018-03-24T07:47:04Z
ytdl-org/youtube-dl;https://github.com/ytdl-org/youtube-dl;2010-10-31T14:35:07Z
FortAwesome/Font-Awesome;https://github.com/FortAwesome/Font-Awesome;2012-02-17T14:19:43Z
tensorflow/models;https://github.com/tensorflow/models;2016-02-05T01:15:20Z
danistefanovic/build-your-own-x;https://github.com/danistefanovic/build-your-own-x;2018-05-09T12:03:18Z
angular/angular.js;https://github.com/angular/angular.js;2010-01-06T00:34:37Z
puppeteer/puppeteer;https://github.com/puppeteer/puppeteer;2017-05-09T22:16:13Z
mrdoob/three.js;https://github.com/mrdoob/three.js;2010-03-23T18:58:01Z
angular/angular;https://github.com/angular/angular;2014-09-18T16:12:01Z
microsoft/TypeScript;https://github.com/microsoft/TypeScript;2014-06-17T15:28:39Z
microsoft/terminal;https://github.com/microsoft/terminal;2017-08-11T18:38:22Z
laravel/laravel;https://github.com/laravel/laravel;2011-06-08T03:06:08Z
ant-design/ant-design;https://github.com/ant-design/ant-design;2015-04-24T15:37:24Z
moby/moby;https://github.com/moby/moby;2013-01-18T18:10:57Z
ossu/computer-science;https://github.com/ossu/computer-science;2014-05-04T00:18:39Z
iluwatar/java-design-patterns;https://github.com/iluwatar/java-design-patterns;2014-08-09T16:45:18Z
mui-org/material-ui;https://github.com/mui-org/material-ui;2014-08-18T19:11:54Z
30-seconds/30-seconds-of-code;https://github.com/30-seconds/30-seconds-of-code;2017-11-29T17:35:03Z
webpack/webpack;https://github.com/webpack/webpack;2012-03-10T10:08:14Z
jquery/jquery;https://github.com/jquery/jquery;2009-04-03T15:20:14Z
vuejs/awesome-vue;https://github.com/vuejs/awesome-vue;2015-10-20T00:16:14Z
avelino/awesome-go;https://github.com/avelino/awesome-go;2014-07-06T13:42:15Z
nvbn/thefuck;https://github.com/nvbn/thefuck;2015-04-08T15:08:04Z
reduxjs/redux;https://github.com/reduxjs/redux;2015-05-29T23:53:15Z
atom/atom;https://github.com/atom/atom;2012-01-20T18:18:21Z
apple/swift;https://github.com/apple/swift;2015-10-23T21:15:07Z
hakimel/reveal.js;https://github.com/hakimel/reveal.js;2011-06-07T18:54:22Z
MisterBooo/LeetCodeAnimation;https://github.com/MisterBooo/LeetCodeAnimation;2018-12-06T08:01:22Z
PanJiaChen/vue-element-admin;https://github.com/PanJiaChen/vue-element-admin;2017-04-17T03:35:49Z
pallets/flask;https://github.com/pallets/flask;2010-04-06T11:11:59Z
socketio/socket.io;https://github.com/socketio/socket.io;2010-03-11T18:24:48Z
shadowsocks/shadowsocks-windows;https://github.com/shadowsocks/shadowsocks-windows;2013-01-14T07:54:16Z
django/django;https://github.com/django/django;2012-04-28T02:47:18Z
expressjs/express;https://github.com/expressjs/express;2009-06-26T18:56:01Z
chartjs/Chart.js;https://github.com/chartjs/Chart.js;2013-03-17T23:56:36Z
Semantic-Org/Semantic-UI;https://github.com/Semantic-Org/Semantic-UI;2013-04-08T23:32:04Z
elastic/elasticsearch;https://github.com/elastic/elasticsearch;2010-02-08T13:20:56Z
keras-team/keras;https://github.com/keras-team/keras;2015-03-28T00:35:42Z
chrislgarry/Apollo-11;https://github.com/chrislgarry/Apollo-11;2014-04-03T15:45:02Z
storybookjs/storybook;https://github.com/storybookjs/storybook;2016-03-18T04:23:44Z
jakubroztocil/httpie;https://github.com/jakubroztocil/httpie;2012-02-25T12:39:13Z
typicode/json-server;https://github.com/typicode/json-server;2013-11-27T13:21:13Z
spring-projects/spring-boot;https://github.com/spring-projects/spring-boot;2012-10-19T15:02:57Z
zeit/next.js;https://github.com/zeit/next.js;2016-10-05T23:32:51Z
denoland/deno;https://github.com/denoland/deno;2018-05-15T01:34:26Z
netdata/netdata;https://github.com/netdata/netdata;2013-06-17T18:39:10Z
rails/rails;https://github.com/rails/rails;2008-04-11T02:19:47Z
tonsky/FiraCode;https://github.com/tonsky/FiraCode;2014-11-11T19:32:38Z
h5bp/html5-boilerplate;https://github.com/h5bp/html5-boilerplate;2010-01-24T18:03:24Z
adam-p/markdown-here;https://github.com/adam-p/markdown-here;2012-05-13T03:27:22Z
ElemeFE/element;https://github.com/ElemeFE/element;2016-09-03T06:19:26Z
xingshaocheng/architect-awesome;https://github.com/xingshaocheng/architect-awesome;2018-04-06T13:30:58Z
resume/resume.github.com;https://github.com/resume/resume.github.com;2011-02-06T13:39:55Z
h5bp/Front-end-Developer-Interview-Questions;https://github.com/h5bp/Front-end-Developer-Interview-Questions;2012-02-09T23:34:10Z
lodash/lodash;https://github.com/lodash/lodash;2012-04-07T04:11:46Z
josephmisiti/awesome-machine-learning;https://github.com/josephmisiti/awesome-machine-learning;2014-07-15T19:11:19Z
moment/moment;https://github.com/moment/moment;2011-03-01T02:46:06Z
rust-lang/rust;https://github.com/rust-lang/rust;2010-06-16T20:39:03Z
gatsbyjs/gatsby;https://github.com/gatsbyjs/gatsby;2015-05-21T22:43:05Z
opencv/opencv;https://github.com/opencv/opencv;2012-07-19T09:40:17Z
bitcoin/bitcoin;https://github.com/bitcoin/bitcoin;2010-12-19T15:16:43Z
kdn251/interviews;https://github.com/kdn251/interviews;2017-02-14T18:19:25Z
ansible/ansible;https://github.com/ansible/ansible;2012-03-06T14:58:02Z
gohugoio/hugo;https://github.com/gohugoio/hugo;2013-07-04T15:26:26Z
ReactiveX/RxJava;https://github.com/ReactiveX/RxJava;2013-01-08T20:11:48Z
freeCodeCamp/freeCodeCamp;https://github.com/freeCodeCamp/freeCodeCamp;2014-12-24T17:49:19Z
996icu/996.ICU;https://github.com/996icu/996.ICU;2019-03-26T07:31:14Z
vuejs/vue;https://github.com/vuejs/vue;2013-07-29T03:24:51Z
facebook/react;https://github.com/facebook/react;2013-05-24T16:15:54Z
tensorflow/tensorflow;https://github.com/tensorflow/tensorflow;2015-11-07T01:19:20Z
twbs/bootstrap;https://github.com/twbs/bootstrap;2011-07-29T21:19:00Z
EbookFoundation/free-programming-books;https://github.com/EbookFoundation/free-programming-books;2013-10-11T06:50:37Z
sindresorhus/awesome;https://github.com/sindresorhus/awesome;2014-07-11T13:42:37Z
getify/You-Dont-Know-JS;https://github.com/getify/You-Dont-Know-JS;2013-11-16T02:37:24Z
ohmyzsh/ohmyzsh;https://github.com/ohmyzsh/ohmyzsh;2009-08-28T18:15:37Z
jwasham/coding-interview-university;https://github.com/jwasham/coding-interview-university;2016-06-06T02:34:12Z
kamranahmedse/developer-roadmap;https://github.com/kamranahmedse/developer-roadmap;2017-03-15T13:45:52Z
github/gitignore;https://github.com/github/gitignore;2010-11-08T20:17:14Z
airbnb/javascript;https://github.com/airbnb/javascript;2012-11-01T23:13:50Z
CyC2018/CS-Notes;https://github.com/CyC2018/CS-Notes;2018-02-13T14:56:24Z
microsoft/vscode;https://github.com/microsoft/vscode;2015-09-03T20:23:38Z
d3/d3;https://github.com/d3/d3;2010-09-27T17:22:42Z
flutter/flutter;https://github.com/flutter/flutter;2015-03-06T22:54:58Z
torvalds/linux;https://github.com/torvalds/linux;2011-09-04T22:48:12Z
facebook/react-native;https://github.com/facebook/react-native;2015-01-09T18:10:16Z
donnemartin/system-design-primer;https://github.com/donnemartin/system-design-primer;2017-02-26T16:15:28Z
electron/electron;https://github.com/electron/electron;2013-04-12T01:47:36Z
vinta/awesome-python;https://github.com/vinta/awesome-python;2014-06-27T21:00:06Z
jackfrued/Python-100-Days;https://github.com/jackfrued/Python-100-Days;2018-03-01T16:05:52Z
facebook/create-react-app;https://github.com/facebook/create-react-app;2016-07-17T14:55:11Z
public-apis/public-apis;https://github.com/public-apis/public-apis;2016-03-20T23:49:42Z
Snailclimb/JavaGuide;https://github.com/Snailclimb/JavaGuide;2018-05-07T13:27:00Z
axios/axios;https://github.com/axios/axios;2014-08-18T22:30:27Z
golang/go;https://github.com/golang/go;2014-08-19T04:33:40Z
jlevy/the-art-of-command-line;https://github.com/jlevy/the-art-of-command-line;2015-05-20T15:11:03Z
nodejs/node;https://github.com/nodejs/node;2014-11-26T19:57:11Z
TheAlgorithms/Python;https://github.com/TheAlgorithms/Python;2016-07-16T09:44:01Z
daneden/animate.css;https://github.com/daneden/animate.css;2011-10-12T10:07:38Z
justjavac/free-programming-books-zh_CN;https://github.com/justjavac/free-programming-books-zh_CN;2013-11-04T01:59:19Z
kubernetes/kubernetes;https://github.com/kubernetes/kubernetes;2014-06-06T22:56:04Z
trekhleb/javascript-algorithms;https://github.com/trekhleb/javascript-algorithms;2018-03-24T07:47:04Z
ytdl-org/youtube-dl;https://github.com/ytdl-org/youtube-dl;2010-10-31T14:35:07Z
FortAwesome/Font-Awesome;https://github.com/FortAwesome/Font-Awesome;2012-02-17T14:19:43Z
tensorflow/models;https://github.com/tensorflow/models;2016-02-05T01:15:20Z
danistefanovic/build-your-own-x;https://github.com/danistefanovic/build-your-own-x;2018-05-09T12:03:18Z
angular/angular.js;https://github.com/angular/angular.js;2010-01-06T00:34:37Z
puppeteer/puppeteer;https://github.com/puppeteer/puppeteer;2017-05-09T22:16:13Z
mrdoob/three.js;https://github.com/mrdoob/three.js;2010-03-23T18:58:01Z
angular/angular;https://github.com/angular/angular;2014-09-18T16:12:01Z
microsoft/TypeScript;https://github.com/microsoft/TypeScript;2014-06-17T15:28:39Z
microsoft/terminal;https://github.com/microsoft/terminal;2017-08-11T18:38:22Z
laravel/laravel;https://github.com/laravel/laravel;2011-06-08T03:06:08Z
ant-design/ant-design;https://github.com/ant-design/ant-design;2015-04-24T15:37:24Z
moby/moby;https://github.com/moby/moby;2013-01-18T18:10:57Z
ossu/computer-science;https://github.com/ossu/computer-science;2014-05-04T00:18:39Z
iluwatar/java-design-patterns;https://github.com/iluwatar/java-design-patterns;2014-08-09T16:45:18Z
mui-org/material-ui;https://github.com/mui-org/material-ui;2014-08-18T19:11:54Z
30-seconds/30-seconds-of-code;https://github.com/30-seconds/30-seconds-of-code;2017-11-29T17:35:03Z
webpack/webpack;https://github.com/webpack/webpack;2012-03-10T10:08:14Z
jquery/jquery;https://github.com/jquery/jquery;2009-04-03T15:20:14Z
vuejs/awesome-vue;https://github.com/vuejs/awesome-vue;2015-10-20T00:16:14Z
avelino/awesome-go;https://github.com/avelino/awesome-go;2014-07-06T13:42:15Z
nvbn/thefuck;https://github.com/nvbn/thefuck;2015-04-08T15:08:04Z
reduxjs/redux;https://github.com/reduxjs/redux;2015-05-29T23:53:15Z
atom/atom;https://github.com/atom/atom;2012-01-20T18:18:21Z
apple/swift;https://github.com/apple/swift;2015-10-23T21:15:07Z
hakimel/reveal.js;https://github.com/hakimel/reveal.js;2011-06-07T18:54:22Z
MisterBooo/LeetCodeAnimation;https://github.com/MisterBooo/LeetCodeAnimation;2018-12-06T08:01:22Z
PanJiaChen/vue-element-admin;https://github.com/PanJiaChen/vue-element-admin;2017-04-17T03:35:49Z
pallets/flask;https://github.com/pallets/flask;2010-04-06T11:11:59Z
socketio/socket.io;https://github.com/socketio/socket.io;2010-03-11T18:24:48Z
shadowsocks/shadowsocks-windows;https://github.com/shadowsocks/shadowsocks-windows;2013-01-14T07:54:16Z
django/django;https://github.com/django/django;2012-04-28T02:47:18Z
expressjs/express;https://github.com/expressjs/express;2009-06-26T18:56:01Z
chartjs/Chart.js;https://github.com/chartjs/Chart.js;2013-03-17T23:56:36Z
Semantic-Org/Semantic-UI;https://github.com/Semantic-Org/Semantic-UI;2013-04-08T23:32:04Z
elastic/elasticsearch;https://github.com/elastic/elasticsearch;2010-02-08T13:20:56Z
keras-team/keras;https://github.com/keras-team/keras;2015-03-28T00:35:42Z
chrislgarry/Apollo-11;https://github.com/chrislgarry/Apollo-11;2014-04-03T15:45:02Z
storybookjs/storybook;https://github.com/storybookjs/storybook;2016-03-18T04:23:44Z
jakubroztocil/httpie;https://github.com/jakubroztocil/httpie;2012-02-25T12:39:13Z
typicode/json-server;https://github.com/typicode/json-server;2013-11-27T13:21:13Z
spring-projects/spring-boot;https://github.com/spring-projects/spring-boot;2012-10-19T15:02:57Z
zeit/next.js;https://github.com/zeit/next.js;2016-10-05T23:32:51Z
denoland/deno;https://github.com/denoland/deno;2018-05-15T01:34:26Z
netdata/netdata;https://github.com/netdata/netdata;2013-06-17T18:39:10Z
rails/rails;https://github.com/rails/rails;2008-04-11T02:19:47Z
tonsky/FiraCode;https://github.com/tonsky/FiraCode;2014-11-11T19:32:38Z
h5bp/html5-boilerplate;https://github.com/h5bp/html5-boilerplate;2010-01-24T18:03:24Z
adam-p/markdown-here;https://github.com/adam-p/markdown-here;2012-05-13T03:27:22Z
ElemeFE/element;https://github.com/ElemeFE/element;2016-09-03T06:19:26Z
xingshaocheng/architect-awesome;https://github.com/xingshaocheng/architect-awesome;2018-04-06T13:30:58Z
resume/resume.github.com;https://github.com/resume/resume.github.com;2011-02-06T13:39:55Z
h5bp/Front-end-Developer-Interview-Questions;https://github.com/h5bp/Front-end-Developer-Interview-Questions;2012-02-09T23:34:10Z
lodash/lodash;https://github.com/lodash/lodash;2012-04-07T04:11:46Z
josephmisiti/awesome-machine-learning;https://github.com/josephmisiti/awesome-machine-learning;2014-07-15T19:11:19Z
moment/moment;https://github.com/moment/moment;2011-03-01T02:46:06Z
rust-lang/rust;https://github.com/rust-lang/rust;2010-06-16T20:39:03Z
gatsbyjs/gatsby;https://github.com/gatsbyjs/gatsby;2015-05-21T22:43:05Z
opencv/opencv;https://github.com/opencv/opencv;2012-07-19T09:40:17Z
bitcoin/bitcoin;https://github.com/bitcoin/bitcoin;2010-12-19T15:16:43Z
kdn251/interviews;https://github.com/kdn251/interviews;2017-02-14T18:19:25Z
ansible/ansible;https://github.com/ansible/ansible;2012-03-06T14:58:02Z
gohugoio/hugo;https://github.com/gohugoio/hugo;2013-07-04T15:26:26Z
ReactiveX/RxJava;https://github.com/ReactiveX/RxJava;2013-01-08T20:11:48Z
freeCodeCamp/freeCodeCamp;https://github.com/freeCodeCamp/freeCodeCamp;2014-12-24T17:49:19Z
996icu/996.ICU;https://github.com/996icu/996.ICU;2019-03-26T07:31:14Z
vuejs/vue;https://github.com/vuejs/vue;2013-07-29T03:24:51Z
facebook/react;https://github.com/facebook/react;2013-05-24T16:15:54Z
tensorflow/tensorflow;https://github.com/tensorflow/tensorflow;2015-11-07T01:19:20Z
twbs/bootstrap;https://github.com/twbs/bootstrap;2011-07-29T21:19:00Z
EbookFoundation/free-programming-books;https://github.com/EbookFoundation/free-programming-books;2013-10-11T06:50:37Z
sindresorhus/awesome;https://github.com/sindresorhus/awesome;2014-07-11T13:42:37Z
getify/You-Dont-Know-JS;https://github.com/getify/You-Dont-Know-JS;2013-11-16T02:37:24Z
ohmyzsh/ohmyzsh;https://github.com/ohmyzsh/ohmyzsh;2009-08-28T18:15:37Z
jwasham/coding-interview-university;https://github.com/jwasham/coding-interview-university;2016-06-06T02:34:12Z
kamranahmedse/developer-roadmap;https://github.com/kamranahmedse/developer-roadmap;2017-03-15T13:45:52Z
github/gitignore;https://github.com/github/gitignore;2010-11-08T20:17:14Z
airbnb/javascript;https://github.com/airbnb/javascript;2012-11-01T23:13:50Z
CyC2018/CS-Notes;https://github.com/CyC2018/CS-Notes;2018-02-13T14:56:24Z
microsoft/vscode;https://github.com/microsoft/vscode;2015-09-03T20:23:38Z
d3/d3;https://github.com/d3/d3;2010-09-27T17:22:42Z
flutter/flutter;https://github.com/flutter/flutter;2015-03-06T22:54:58Z
torvalds/linux;https://github.com/torvalds/linux;2011-09-04T22:48:12Z
facebook/react-native;https://github.com/facebook/react-native;2015-01-09T18:10:16Z
donnemartin/system-design-primer;https://github.com/donnemartin/system-design-primer;2017-02-26T16:15:28Z
electron/electron;https://github.com/electron/electron;2013-04-12T01:47:36Z
vinta/awesome-python;https://github.com/vinta/awesome-python;2014-06-27T21:00:06Z
jackfrued/Python-100-Days;https://github.com/jackfrued/Python-100-Days;2018-03-01T16:05:52Z
facebook/create-react-app;https://github.com/facebook/create-react-app;2016-07-17T14:55:11Z
public-apis/public-apis;https://github.com/public-apis/public-apis;2016-03-20T23:49:42Z
Snailclimb/JavaGuide;https://github.com/Snailclimb/JavaGuide;2018-05-07T13:27:00Z
axios/axios;https://github.com/axios/axios;2014-08-18T22:30:27Z
golang/go;https://github.com/golang/go;2014-08-19T04:33:40Z
jlevy/the-art-of-command-line;https://github.com/jlevy/the-art-of-command-line;2015-05-20T15:11:03Z
nodejs/node;https://github.com/nodejs/node;2014-11-26T19:57:11Z
TheAlgorithms/Python;https://github.com/TheAlgorithms/Python;2016-07-16T09:44:01Z
daneden/animate.css;https://github.com/daneden/animate.css;2011-10-12T10:07:38Z
justjavac/free-programming-books-zh_CN;https://github.com/justjavac/free-programming-books-zh_CN;2013-11-04T01:59:19Z
kubernetes/kubernetes;https://github.com/kubernetes/kubernetes;2014-06-06T22:56:04Z
trekhleb/javascript-algorithms;https://github.com/trekhleb/javascript-algorithms;2018-03-24T07:47:04Z
ytdl-org/youtube-dl;https://github.com/ytdl-org/youtube-dl;2010-10-31T14:35:07Z
FortAwesome/Font-Awesome;https://github.com/FortAwesome/Font-Awesome;2012-02-17T14:19:43Z
tensorflow/models;https://github.com/tensorflow/models;2016-02-05T01:15:20Z
danistefanovic/build-your-own-x;https://github.com/danistefanovic/build-your-own-x;2018-05-09T12:03:18Z
angular/angular.js;https://github.com/angular/angular.js;2010-01-06T00:34:37Z
puppeteer/puppeteer;https://github.com/puppeteer/puppeteer;2017-05-09T22:16:13Z
mrdoob/three.js;https://github.com/mrdoob/three.js;2010-03-23T18:58:01Z
angular/angular;https://github.com/angular/angular;2014-09-18T16:12:01Z
microsoft/TypeScript;https://github.com/microsoft/TypeScript;2014-06-17T15:28:39Z
microsoft/terminal;https://github.com/microsoft/terminal;2017-08-11T18:38:22Z
laravel/laravel;https://github.com/laravel/laravel;2011-06-08T03:06:08Z
ant-design/ant-design;https://github.com/ant-design/ant-design;2015-04-24T15:37:24Z
moby/moby;https://github.com/moby/moby;2013-01-18T18:10:57Z
ossu/computer-science;https://github.com/ossu/computer-science;2014-05-04T00:18:39Z
iluwatar/java-design-patterns;https://github.com/iluwatar/java-design-patterns;2014-08-09T16:45:18Z
mui-org/material-ui;https://github.com/mui-org/material-ui;2014-08-18T19:11:54Z
30-seconds/30-seconds-of-code;https://github.com/30-seconds/30-seconds-of-code;2017-11-29T17:35:03Z
webpack/webpack;https://github.com/webpack/webpack;2012-03-10T10:08:14Z
jquery/jquery;https://github.com/jquery/jquery;2009-04-03T15:20:14Z
vuejs/awesome-vue;https://github.com/vuejs/awesome-vue;2015-10-20T00:16:14Z
avelino/awesome-go;https://github.com/avelino/awesome-go;2014-07-06T13:42:15Z
nvbn/thefuck;https://github.com/nvbn/thefuck;2015-04-08T15:08:04Z
reduxjs/redux;https://github.com/reduxjs/redux;2015-05-29T23:53:15Z
atom/atom;https://github.com/atom/atom;2012-01-20T18:18:21Z
apple/swift;https://github.com/apple/swift;2015-10-23T21:15:07Z
hakimel/reveal.js;https://github.com/hakimel/reveal.js;2011-06-07T18:54:22Z
MisterBooo/LeetCodeAnimation;https://github.com/MisterBooo/LeetCodeAnimation;2018-12-06T08:01:22Z
PanJiaChen/vue-element-admin;https://github.com/PanJiaChen/vue-element-admin;2017-04-17T03:35:49Z
pallets/flask;https://github.com/pallets/flask;2010-04-06T11:11:59Z
socketio/socket.io;https://github.com/socketio/socket.io;2010-03-11T18:24:48Z
shadowsocks/shadowsocks-windows;https://github.com/shadowsocks/shadowsocks-windows;2013-01-14T07:54:16Z
django/django;https://github.com/django/django;2012-04-28T02:47:18Z
expressjs/express;https://github.com/expressjs/express;2009-06-26T18:56:01Z
chartjs/Chart.js;https://github.com/chartjs/Chart.js;2013-03-17T23:56:36Z
Semantic-Org/Semantic-UI;https://github.com/Semantic-Org/Semantic-UI;2013-04-08T23:32:04Z
elastic/elasticsearch;https://github.com/elastic/elasticsearch;2010-02-08T13:20:56Z
keras-team/keras;https://github.com/keras-team/keras;2015-03-28T00:35:42Z
chrislgarry/Apollo-11;https://github.com/chrislgarry/Apollo-11;2014-04-03T15:45:02Z
storybookjs/storybook;https://github.com/storybookjs/storybook;2016-03-18T04:23:44Z
jakubroztocil/httpie;https://github.com/jakubroztocil/httpie;2012-02-25T12:39:13Z
typicode/json-server;https://github.com/typicode/json-server;2013-11-27T13:21:13Z
spring-projects/spring-boot;https://github.com/spring-projects/spring-boot;2012-10-19T15:02:57Z
zeit/next.js;https://github.com/zeit/next.js;2016-10-05T23:32:51Z
denoland/deno;https://github.com/denoland/deno;2018-05-15T01:34:26Z
netdata/netdata;https://github.com/netdata/netdata;2013-06-17T18:39:10Z
rails/rails;https://github.com/rails/rails;2008-04-11T02:19:47Z
tonsky/FiraCode;https://github.com/tonsky/FiraCode;2014-11-11T19:32:38Z
h5bp/html5-boilerplate;https://github.com/h5bp/html5-boilerplate;2010-01-24T18:03:24Z
adam-p/markdown-here;https://github.com/adam-p/markdown-here;2012-05-13T03:27:22Z
ElemeFE/element;https://github.com/ElemeFE/element;2016-09-03T06:19:26Z
xingshaocheng/architect-awesome;https://github.com/xingshaocheng/architect-awesome;2018-04-06T13:30:58Z
resume/resume.github.com;https://github.com/resume/resume.github.com;2011-02-06T13:39:55Z
h5bp/Front-end-Developer-Interview-Questions;https://github.com/h5bp/Front-end-Developer-Interview-Questions;2012-02-09T23:34:10Z
lodash/lodash;https://github.com/lodash/lodash;2012-04-07T04:11:46Z
josephmisiti/awesome-machine-learning;https://github.com/josephmisiti/awesome-machine-learning;2014-07-15T19:11:19Z
moment/moment;https://github.com/moment/moment;2011-03-01T02:46:06Z
rust-lang/rust;https://github.com/rust-lang/rust;2010-06-16T20:39:03Z
gatsbyjs/gatsby;https://github.com/gatsbyjs/gatsby;2015-05-21T22:43:05Z
opencv/opencv;https://github.com/opencv/opencv;2012-07-19T09:40:17Z
bitcoin/bitcoin;https://github.com/bitcoin/bitcoin;2010-12-19T15:16:43Z
kdn251/interviews;https://github.com/kdn251/interviews;2017-02-14T18:19:25Z
ansible/ansible;https://github.com/ansible/ansible;2012-03-06T14:58:02Z
gohugoio/hugo;https://github.com/gohugoio/hugo;2013-07-04T15:26:26Z
ReactiveX/RxJava;https://github.com/ReactiveX/RxJava;2013-01-08T20:11:48Z
freeCodeCamp/freeCodeCamp;https://github.com/freeCodeCamp/freeCodeCamp;2014-12-24T17:49:19Z
996icu/996.ICU;https://github.com/996icu/996.ICU;2019-03-26T07:31:14Z
vuejs/vue;https://github.com/vuejs/vue;2013-07-29T03:24:51Z
facebook/react;https://github.com/facebook/react;2013-05-24T16:15:54Z
tensorflow/tensorflow;https://github.com/tensorflow/tensorflow;2015-11-07T01:19:20Z
twbs/bootstrap;https://github.com/twbs/bootstrap;2011-07-29T21:19:00Z
EbookFoundation/free-programming-books;https://github.com/EbookFoundation/free-programming-books;2013-10-11T06:50:37Z
sindresorhus/awesome;https://github.com/sindresorhus/awesome;2014-07-11T13:42:37Z
getify/You-Dont-Know-JS;https://github.com/getify/You-Dont-Know-JS;2013-11-16T02:37:24Z
ohmyzsh/ohmyzsh;https://github.com/ohmyzsh/ohmyzsh;2009-08-28T18:15:37Z
jwasham/coding-interview-university;https://github.com/jwasham/coding-interview-university;2016-06-06T02:34:12Z
kamranahmedse/developer-roadmap;https://github.com/kamranahmedse/developer-roadmap;2017-03-15T13:45:52Z
github/gitignore;https://github.com/github/gitignore;2010-11-08T20:17:14Z
airbnb/javascript;https://github.com/airbnb/javascript;2012-11-01T23:13:50Z
CyC2018/CS-Notes;https://github.com/CyC2018/CS-Notes;2018-02-13T14:56:24Z
microsoft/vscode;https://github.com/microsoft/vscode;2015-09-03T20:23:38Z
d3/d3;https://github.com/d3/d3;2010-09-27T17:22:42Z
flutter/flutter;https://github.com/flutter/flutter;2015-03-06T22:54:58Z
torvalds/linux;https://github.com/torvalds/linux;2011-09-04T22:48:12Z
facebook/react-native;https://github.com/facebook/react-native;2015-01-09T18:10:16Z
donnemartin/system-design-primer;https://github.com/donnemartin/system-design-primer;2017-02-26T16:15:28Z
electron/electron;https://github.com/electron/electron;2013-04-12T01:47:36Z
vinta/awesome-python;https://github.com/vinta/awesome-python;2014-06-27T21:00:06Z
jackfrued/Python-100-Days;https://github.com/jackfrued/Python-100-Days;2018-03-01T16:05:52Z
facebook/create-react-app;https://github.com/facebook/create-react-app;2016-07-17T14:55:11Z
public-apis/public-apis;https://github.com/public-apis/public-apis;2016-03-20T23:49:42Z
Snailclimb/JavaGuide;https://github.com/Snailclimb/JavaGuide;2018-05-07T13:27:00Z
axios/axios;https://github.com/axios/axios;2014-08-18T22:30:27Z
golang/go;https://github.com/golang/go;2014-08-19T04:33:40Z
jlevy/the-art-of-command-line;https://github.com/jlevy/the-art-of-command-line;2015-05-20T15:11:03Z
nodejs/node;https://github.com/nodejs/node;2014-11-26T19:57:11Z
TheAlgorithms/Python;https://github.com/TheAlgorithms/Python;2016-07-16T09:44:01Z
daneden/animate.css;https://github.com/daneden/animate.css;2011-10-12T10:07:38Z
justjavac/free-programming-books-zh_CN;https://github.com/justjavac/free-programming-books-zh_CN;2013-11-04T01:59:19Z
kubernetes/kubernetes;https://github.com/kubernetes/kubernetes;2014-06-06T22:56:04Z
trekhleb/javascript-algorithms;https://github.com/trekhleb/javascript-algorithms;2018-03-24T07:47:04Z
ytdl-org/youtube-dl;https://github.com/ytdl-org/youtube-dl;2010-10-31T14:35:07Z
FortAwesome/Font-Awesome;https://github.com/FortAwesome/Font-Awesome;2012-02-17T14:19:43Z
tensorflow/models;https://github.com/tensorflow/models;2016-02-05T01:15:20Z
danistefanovic/build-your-own-x;https://github.com/danistefanovic/build-your-own-x;2018-05-09T12:03:18Z
angular/angular.js;https://github.com/angular/angular.js;2010-01-06T00:34:37Z
puppeteer/puppeteer;https://github.com/puppeteer/puppeteer;2017-05-09T22:16:13Z
mrdoob/three.js;https://github.com/mrdoob/three.js;2010-03-23T18:58:01Z
angular/angular;https://github.com/angular/angular;2014-09-18T16:12:01Z
microsoft/TypeScript;https://github.com/microsoft/TypeScript;2014-06-17T15:28:39Z
microsoft/terminal;https://github.com/microsoft/terminal;2017-08-11T18:38:22Z
laravel/laravel;https://github.com/laravel/laravel;2011-06-08T03:06:08Z
ant-design/ant-design;https://github.com/ant-design/ant-design;2015-04-24T15:37:24Z
moby/moby;https://github.com/moby/moby;2013-01-18T18:10:57Z
ossu/computer-science;https://github.com/ossu/computer-science;2014-05-04T00:18:39Z
iluwatar/java-design-patterns;https://github.com/iluwatar/java-design-patterns;2014-08-09T16:45:18Z
mui-org/material-ui;https://github.com/mui-org/material-ui;2014-08-18T19:11:54Z
30-seconds/30-seconds-of-code;https://github.com/30-seconds/30-seconds-of-code;2017-11-29T17:35:03Z
webpack/webpack;https://github.com/webpack/webpack;2012-03-10T10:08:14Z
jquery/jquery;https://github.com/jquery/jquery;2009-04-03T15:20:14Z
vuejs/awesome-vue;https://github.com/vuejs/awesome-vue;2015-10-20T00:16:14Z
avelino/awesome-go;https://github.com/avelino/awesome-go;2014-07-06T13:42:15Z
nvbn/thefuck;https://github.com/nvbn/thefuck;2015-04-08T15:08:04Z
reduxjs/redux;https://github.com/reduxjs/redux;2015-05-29T23:53:15Z
atom/atom;https://github.com/atom/atom;2012-01-20T18:18:21Z
apple/swift;https://github.com/apple/swift;2015-10-23T21:15:07Z
hakimel/reveal.js;https://github.com/hakimel/reveal.js;2011-06-07T18:54:22Z
MisterBooo/LeetCodeAnimation;https://github.com/MisterBooo/LeetCodeAnimation;2018-12-06T08:01:22Z
PanJiaChen/vue-element-admin;https://github.com/PanJiaChen/vue-element-admin;2017-04-17T03:35:49Z
pallets/flask;https://github.com/pallets/flask;2010-04-06T11:11:59Z
socketio/socket.io;https://github.com/socketio/socket.io;2010-03-11T18:24:48Z
shadowsocks/shadowsocks-windows;https://github.com/shadowsocks/shadowsocks-windows;2013-01-14T07:54:16Z
django/django;https://github.com/django/django;2012-04-28T02:47:18Z
expressjs/express;https://github.com/expressjs/express;2009-06-26T18:56:01Z
chartjs/Chart.js;https://github.com/chartjs/Chart.js;2013-03-17T23:56:36Z
Semantic-Org/Semantic-UI;https://github.com/Semantic-Org/Semantic-UI;2013-04-08T23:32:04Z
elastic/elasticsearch;https://github.com/elastic/elasticsearch;2010-02-08T13:20:56Z
keras-team/keras;https://github.com/keras-team/keras;2015-03-28T00:35:42Z
chrislgarry/Apollo-11;https://github.com/chrislgarry/Apollo-11;2014-04-03T15:45:02Z
storybookjs/storybook;https://github.com/storybookjs/storybook;2016-03-18T04:23:44Z
jakubroztocil/httpie;https://github.com/jakubroztocil/httpie;2012-02-25T12:39:13Z
typicode/json-server;https://github.com/typicode/json-server;2013-11-27T13:21:13Z
spring-projects/spring-boot;https://github.com/spring-projects/spring-boot;2012-10-19T15:02:57Z
zeit/next.js;https://github.com/zeit/next.js;2016-10-05T23:32:51Z
denoland/deno;https://github.com/denoland/deno;2018-05-15T01:34:26Z
netdata/netdata;https://github.com/netdata/netdata;2013-06-17T18:39:10Z
rails/rails;https://github.com/rails/rails;2008-04-11T02:19:47Z
tonsky/FiraCode;https://github.com/tonsky/FiraCode;2014-11-11T19:32:38Z
h5bp/html5-boilerplate;https://github.com/h5bp/html5-boilerplate;2010-01-24T18:03:24Z
adam-p/markdown-here;https://github.com/adam-p/markdown-here;2012-05-13T03:27:22Z
ElemeFE/element;https://github.com/ElemeFE/element;2016-09-03T06:19:26Z
xingshaocheng/architect-awesome;https://github.com/xingshaocheng/architect-awesome;2018-04-06T13:30:58Z
resume/resume.github.com;https://github.com/resume/resume.github.com;2011-02-06T13:39:55Z
h5bp/Front-end-Developer-Interview-Questions;https://github.com/h5bp/Front-end-Developer-Interview-Questions;2012-02-09T23:34:10Z
lodash/lodash;https://github.com/lodash/lodash;2012-04-07T04:11:46Z
josephmisiti/awesome-machine-learning;https://github.com/josephmisiti/awesome-machine-learning;2014-07-15T19:11:19Z
moment/moment;https://github.com/moment/moment;2011-03-01T02:46:06Z
rust-lang/rust;https://github.com/rust-lang/rust;2010-06-16T20:39:03Z
gatsbyjs/gatsby;https://github.com/gatsbyjs/gatsby;2015-05-21T22:43:05Z
opencv/opencv;https://github.com/opencv/opencv;2012-07-19T09:40:17Z
bitcoin/bitcoin;https://github.com/bitcoin/bitcoin;2010-12-19T15:16:43Z
kdn251/interviews;https://github.com/kdn251/interviews;2017-02-14T18:19:25Z
ansible/ansible;https://github.com/ansible/ansible;2012-03-06T14:58:02Z
gohugoio/hugo;https://github.com/gohugoio/hugo;2013-07-04T15:26:26Z
ReactiveX/RxJava;https://github.com/ReactiveX/RxJava;2013-01-08T20:11:48Z
freeCodeCamp/freeCodeCamp;https://github.com/freeCodeCamp/freeCodeCamp;2014-12-24T17:49:19Z
996icu/996.ICU;https://github.com/996icu/996.ICU;2019-03-26T07:31:14Z
vuejs/vue;https://github.com/vuejs/vue;2013-07-29T03:24:51Z
facebook/react;https://github.com/facebook/react;2013-05-24T16:15:54Z
tensorflow/tensorflow;https://github.com/tensorflow/tensorflow;2015-11-07T01:19:20Z
twbs/bootstrap;https://github.com/twbs/bootstrap;2011-07-29T21:19:00Z
EbookFoundation/free-programming-books;https://github.com/EbookFoundation/free-programming-books;2013-10-11T06:50:37Z
sindresorhus/awesome;https://github.com/sindresorhus/awesome;2014-07-11T13:42:37Z
getify/You-Dont-Know-JS;https://github.com/getify/You-Dont-Know-JS;2013-11-16T02:37:24Z
ohmyzsh/ohmyzsh;https://github.com/ohmyzsh/ohmyzsh;2009-08-28T18:15:37Z
jwasham/coding-interview-university;https://github.com/jwasham/coding-interview-university;2016-06-06T02:34:12Z
kamranahmedse/developer-roadmap;https://github.com/kamranahmedse/developer-roadmap;2017-03-15T13:45:52Z
github/gitignore;https://github.com/github/gitignore;2010-11-08T20:17:14Z
airbnb/javascript;https://github.com/airbnb/javascript;2012-11-01T23:13:50Z
CyC2018/CS-Notes;https://github.com/CyC2018/CS-Notes;2018-02-13T14:56:24Z
microsoft/vscode;https://github.com/microsoft/vscode;2015-09-03T20:23:38Z
d3/d3;https://github.com/d3/d3;2010-09-27T17:22:42Z
flutter/flutter;https://github.com/flutter/flutter;2015-03-06T22:54:58Z
torvalds/linux;https://github.com/torvalds/linux;2011-09-04T22:48:12Z
facebook/react-native;https://github.com/facebook/react-native;2015-01-09T18:10:16Z
donnemartin/system-design-primer;https://github.com/donnemartin/system-design-primer;2017-02-26T16:15:28Z
electron/electron;https://github.com/electron/electron;2013-04-12T01:47:36Z
vinta/awesome-python;https://github.com/vinta/awesome-python;2014-06-27T21:00:06Z
jackfrued/Python-100-Days;https://github.com/jackfrued/Python-100-Days;2018-03-01T16:05:52Z
facebook/create-react-app;https://github.com/facebook/create-react-app;2016-07-17T14:55:11Z
public-apis/public-apis;https://github.com/public-apis/public-apis;2016-03-20T23:49:42Z
Snailclimb/JavaGuide;https://github.com/Snailclimb/JavaGuide;2018-05-07T13:27:00Z
axios/axios;https://github.com/axios/axios;2014-08-18T22:30:27Z
golang/go;https://github.com/golang/go;2014-08-19T04:33:40Z
jlevy/the-art-of-command-line;https://github.com/jlevy/the-art-of-command-line;2015-05-20T15:11:03Z
nodejs/node;https://github.com/nodejs/node;2014-11-26T19:57:11Z
TheAlgorithms/Python;https://github.com/TheAlgorithms/Python;2016-07-16T09:44:01Z
daneden/animate.css;https://github.com/daneden/animate.css;2011-10-12T10:07:38Z
justjavac/free-programming-books-zh_CN;https://github.com/justjavac/free-programming-books-zh_CN;2013-11-04T01:59:19Z
kubernetes/kubernetes;https://github.com/kubernetes/kubernetes;2014-06-06T22:56:04Z
trekhleb/javascript-algorithms;https://github.com/trekhleb/javascript-algorithms;2018-03-24T07:47:04Z
ytdl-org/youtube-dl;https://github.com/ytdl-org/youtube-dl;2010-10-31T14:35:07Z
FortAwesome/Font-Awesome;https://github.com/FortAwesome/Font-Awesome;2012-02-17T14:19:43Z
tensorflow/models;https://github.com/tensorflow/models;2016-02-05T01:15:20Z
danistefanovic/build-your-own-x;https://github.com/danistefanovic/build-your-own-x;2018-05-09T12:03:18Z
angular/angular.js;https://github.com/angular/angular.js;2010-01-06T00:34:37Z
puppeteer/puppeteer;https://github.com/puppeteer/puppeteer;2017-05-09T22:16:13Z
mrdoob/three.js;https://github.com/mrdoob/three.js;2010-03-23T18:58:01Z
angular/angular;https://github.com/angular/angular;2014-09-18T16:12:01Z
microsoft/TypeScript;https://github.com/microsoft/TypeScript;2014-06-17T15:28:39Z
microsoft/terminal;https://github.com/microsoft/terminal;2017-08-11T18:38:22Z
laravel/laravel;https://github.com/laravel/laravel;2011-06-08T03:06:08Z
ant-design/ant-design;https://github.com/ant-design/ant-design;2015-04-24T15:37:24Z
moby/moby;https://github.com/moby/moby;2013-01-18T18:10:57Z
ossu/computer-science;https://github.com/ossu/computer-science;2014-05-04T00:18:39Z
iluwatar/java-design-patterns;https://github.com/iluwatar/java-design-patterns;2014-08-09T16:45:18Z
mui-org/material-ui;https://github.com/mui-org/material-ui;2014-08-18T19:11:54Z
30-seconds/30-seconds-of-code;https://github.com/30-seconds/30-seconds-of-code;2017-11-29T17:35:03Z
webpack/webpack;https://github.com/webpack/webpack;2012-03-10T10:08:14Z
jquery/jquery;https://github.com/jquery/jquery;2009-04-03T15:20:14Z
vuejs/awesome-vue;https://github.com/vuejs/awesome-vue;2015-10-20T00:16:14Z
avelino/awesome-go;https://github.com/avelino/awesome-go;2014-07-06T13:42:15Z
nvbn/thefuck;https://github.com/nvbn/thefuck;2015-04-08T15:08:04Z
reduxjs/redux;https://github.com/reduxjs/redux;2015-05-29T23:53:15Z
atom/atom;https://github.com/atom/atom;2012-01-20T18:18:21Z
apple/swift;https://github.com/apple/swift;2015-10-23T21:15:07Z
hakimel/reveal.js;https://github.com/hakimel/reveal.js;2011-06-07T18:54:22Z
MisterBooo/LeetCodeAnimation;https://github.com/MisterBooo/LeetCodeAnimation;2018-12-06T08:01:22Z
PanJiaChen/vue-element-admin;https://github.com/PanJiaChen/vue-element-admin;2017-04-17T03:35:49Z
pallets/flask;https://github.com/pallets/flask;2010-04-06T11:11:59Z
socketio/socket.io;https://github.com/socketio/socket.io;2010-03-11T18:24:48Z
shadowsocks/shadowsocks-windows;https://github.com/shadowsocks/shadowsocks-windows;2013-01-14T07:54:16Z
django/django;https://github.com/django/django;2012-04-28T02:47:18Z
expressjs/express;https://github.com/expressjs/express;2009-06-26T18:56:01Z
chartjs/Chart.js;https://github.com/chartjs/Chart.js;2013-03-17T23:56:36Z
Semantic-Org/Semantic-UI;https://github.com/Semantic-Org/Semantic-UI;2013-04-08T23:32:04Z
elastic/elasticsearch;https://github.com/elastic/elasticsearch;2010-02-08T13:20:56Z
keras-team/keras;https://github.com/keras-team/keras;2015-03-28T00:35:42Z
chrislgarry/Apollo-11;https://github.com/chrislgarry/Apollo-11;2014-04-03T15:45:02Z
storybookjs/storybook;https://github.com/storybookjs/storybook;2016-03-18T04:23:44Z
jakubroztocil/httpie;https://github.com/jakubroztocil/httpie;2012-02-25T12:39:13Z
typicode/json-server;https://github.com/typicode/json-server;2013-11-27T13:21:13Z
spring-projects/spring-boot;https://github.com/spring-projects/spring-boot;2012-10-19T15:02:57Z
zeit/next.js;https://github.com/zeit/next.js;2016-10-05T23:32:51Z
denoland/deno;https://github.com/denoland/deno;2018-05-15T01:34:26Z
netdata/netdata;https://github.com/netdata/netdata;2013-06-17T18:39:10Z
rails/rails;https://github.com/rails/rails;2008-04-11T02:19:47Z
tonsky/FiraCode;https://github.com/tonsky/FiraCode;2014-11-11T19:32:38Z
h5bp/html5-boilerplate;https://github.com/h5bp/html5-boilerplate;2010-01-24T18:03:24Z
adam-p/markdown-here;https://github.com/adam-p/markdown-here;2012-05-13T03:27:22Z
ElemeFE/element;https://github.com/ElemeFE/element;2016-09-03T06:19:26Z
xingshaocheng/architect-awesome;https://github.com/xingshaocheng/architect-awesome;2018-04-06T13:30:58Z
resume/resume.github.com;https://github.com/resume/resume.github.com;2011-02-06T13:39:55Z
h5bp/Front-end-Developer-Interview-Questions;https://github.com/h5bp/Front-end-Developer-Interview-Questions;2012-02-09T23:34:10Z
lodash/lodash;https://github.com/lodash/lodash;2012-04-07T04:11:46Z
josephmisiti/awesome-machine-learning;https://github.com/josephmisiti/awesome-machine-learning;2014-07-15T19:11:19Z
moment/moment;https://github.com/moment/moment;2011-03-01T02:46:06Z
rust-lang/rust;https://github.com/rust-lang/rust;2010-06-16T20:39:03Z
gatsbyjs/gatsby;https://github.com/gatsbyjs/gatsby;2015-05-21T22:43:05Z
opencv/opencv;https://github.com/opencv/opencv;2012-07-19T09:40:17Z
bitcoin/bitcoin;https://github.com/bitcoin/bitcoin;2010-12-19T15:16:43Z
kdn251/interviews;https://github.com/kdn251/interviews;2017-02-14T18:19:25Z
ansible/ansible;https://github.com/ansible/ansible;2012-03-06T14:58:02Z
gohugoio/hugo;https://github.com/gohugoio/hugo;2013-07-04T15:26:26Z
ReactiveX/RxJava;https://github.com/ReactiveX/RxJava;2013-01-08T20:11:48Z
